mlt,mlat_eb,ef_eb,mlat_05,ef_05,mlat_10,ef_10,mlat_15,ef_15,mlat_20,ef_20,mlat_25,ef_25,mlat_30,ef_30,mlat_35,ef_35,mlat_40,ef_40,mlat_45,ef_45,mlat_50,ef_50,mlat_55,ef_55,mlat_60,ef_60,mlat_65,ef_65,mlat_70,ef_70,mlat_75,ef_75,mlat_80,ef_80,mlat_85,ef_85,mlat_90,ef_90,mlat_95,ef_95,mlat_pb,ef_pb
0.125,-0.020014547630189644,0.39167598606417414,-0.018098033409028446,1.0030545068576744,-0.017313245614365477,1.4639831742343241,-0.01673922083692848,1.7652263987775747,-0.016190525187065093,1.9178058286309545,-0.015677171695236625,2.0545892955844605,-0.015144302714205993,2.0811623479309986,-0.01458769027306628,2.046271757187726,-0.013966696583511249,1.958082793483999,-0.013242751716355835,1.8703002591481483,-0.012423262639560114,1.7433879287914884,-0.011476864477405202,1.7041186472200316,-0.010455219240083047,1.6626540524927773,-0.009311847551132672,1.6315151970016317,-0.008096198809937637,1.5981837845675348,-0.006856214355473683,1.5016862824741153,-0.005589380417785383,1.4323543417187972,-0.004241107637792189,1.361107684989446,-0.0028038327508271726,1.2398436486504252,-0.0013453928811435563,0.9853552238360163,0.0020566164917975856,0.4219822152194752
0.375,-0.019639649481051027,0.384670898984116,-0.017622318538232717,0.9943387270491304,-0.01680568519166888,1.4675522274403139,-0.016214179142255803,1.7769911060301342,-0.015658483918225392,1.9301489655555482,-0.015158010951994037,2.068329424555556,-0.014629818037321798,2.0951423335763093,-0.014080470533058753,2.0679367272442626,-0.013469108820345146,1.9982128995532853,-0.012762965165923084,1.9038840914193569,-0.011973569799403215,1.7694292687941355,-0.011053897035549777,1.7169063271922589,-0.010045794419795685,1.643079253325086,-0.008950698989199353,1.583919584204845,-0.0077428561538509365,1.5176247539348369,-0.006458687765800393,1.4497479727220075,-0.005136920870138618,1.3762227823815607,-0.003729539077866561,1.3096906031573297,-0.00224360079790749,1.1892490596550285,-0.0007432398850912709,0.963537688490493,0.0028317767709495046,0.4267559850903966
0.625,-0.019482875528893814,0.3730856330575448,-0.01735505832681411,0.9541974607313938,-0.016507603753074467,1.44345037707071,-0.015888409804430213,1.765801882137895,-0.015328353415835232,1.9186307545171473,-0.014829735436004072,2.058965551429315,-0.014311314839859951,2.092936361613559,-0.013759936173026238,2.0703512082090714,-0.013146301384388291,2.0160775256108865,-0.012484704671919936,1.9308167258013504,-0.011734034956191223,1.817435387506891,-0.010864796998710334,1.7576427066830569,-0.00990784965313056,1.6654166028643917,-0.008833118569438931,1.580250925889538,-0.007661950552141327,1.4680085400405807,-0.006402418751925457,1.4066447588142457,-0.005094060978295223,1.3489874830539172,-0.003682893368879229,1.2783072740024701,-0.0022675982838604026,1.1488933341935126,-0.0007056866603833565,0.9302683387993498,0.003004195751023615,0.41921691001384226
0.875,-0.019405987538972793,0.3815011813823676,-0.017246103941649264,0.9489811218967211,-0.016358455761884914,1.4376651642428326,-0.015726354601356206,1.766605417014021,-0.01516803198677147,1.9358705197640012,-0.0146723682724948,2.0796914758600966,-0.014162169615403505,2.1061089290588106,-0.013620555119197821,2.099990496161377,-0.013023457620817847,2.067992638373659,-0.01237819875771944,1.9848950186019196,-0.011638337278553956,1.8814726575599934,-0.010803133654774867,1.807815413574621,-0.009887332226356701,1.7091273279124146,-0.008864312038871572,1.6039370068774472,-0.007742561116216565,1.4881385087008012,-0.006472376641196739,1.4126914700986428,-0.0051540517087656995,1.3465589106942601,-0.0037600804946404157,1.2513940595834387,-0.0023215356764891668,1.1125658722674,-0.0007092560886023809,0.895693116616687,0.0034857048842402046,0.4039720297834111
1.125,-0.019213659506572108,0.4169990248453485,-0.017001451636277493,0.9734380334020001,-0.0160697914850595,1.4574905213200213,-0.015405822447789356,1.7861286140137944,-0.014821061113071339,1.9532443834470747,-0.014302043560272365,2.107888682223689,-0.013775963116568235,2.1417576249609316,-0.013224554527088227,2.1562493510420695,-0.01263485104940203,2.1306312836577814,-0.01202054785473849,2.062442710087171,-0.011301796580331397,1.9748637993882445,-0.010521935603965533,1.877140166483817,-0.009640732620580121,1.762899237439628,-0.008662310149394694,1.6419037982778517,-0.0075731916848062325,1.5315134968442143,-0.00632664771283853,1.4465555927613107,-0.005020524014302641,1.377909708527491,-0.0036263293308811517,1.2777213644286378,-0.0022119235113567206,1.1287998227056777,-0.000565634349280563,0.8964447312779723,0.003791209258257869,0.41431142385395625
1.375,-0.019012419177341054,0.4202954914696373,-0.016793314277683373,0.9535188907015255,-0.015863087630359093,1.443635901575999,-0.015190018826567262,1.7449263878814434,-0.01461513409172973,1.9144724887066442,-0.014092483885416788,2.0688497139840023,-0.013576129649841085,2.106531621232899,-0.013038240035795082,2.122628335184487,-0.012472655665411742,2.116510586971456,-0.0118744357190123,2.0515525990813495,-0.01119119294383865,1.9560079972797788,-0.010468146146530678,1.8628120775729917,-0.009645420242384933,1.7262170534300132,-0.008702032476984384,1.5931018927872702,-0.007674514271766342,1.474353846640712,-0.00645558846785999,1.4008474365510284,-0.005196326670656509,1.2998409375755764,-0.003810226740931146,1.2133162493350698,-0.00245621401406851,1.0853718119870772,-0.0009091228483166995,0.8588342311292336,0.0038305889780235777,0.4150827794966572
1.625,-0.01896504309365681,0.4343080696017711,-0.016739933450825,0.9427201592956679,-0.015774483090831508,1.412555885979833,-0.015088554901072396,1.7186071923562924,-0.014512072733736978,1.8980873402154115,-0.013976428394987339,2.046315787365571,-0.013451979006395623,2.0954688261589847,-0.012921257583217188,2.1242760588289458,-0.012363754356170232,2.115328796880476,-0.011782522149101304,2.064262638383389,-0.011127370368184323,1.9773527113938145,-0.010430106211597198,1.904534993424943,-0.009664332637922598,1.7634653610505076,-0.008734737200670863,1.6358987778090253,-0.007763453270393262,1.5323730724427442,-0.006638691124995996,1.4308146510791966,-0.0054456859558519284,1.3160476162553674,-0.004112403083042604,1.2065852366210112,-0.0027537422525165216,1.0894091360462366,-0.001266056890871926,0.8523960977548483,0.003242059239656832,0.40998716170561833
1.875,-0.0189980222974716,0.4240532583042969,-0.016765041907274025,0.9191580537885459,-0.01577823413228842,1.3735702868965838,-0.015104231680681639,1.6683115921320808,-0.014536964036481807,1.8687271999856478,-0.013994352146828783,2.0261309200285393,-0.013482676924783834,2.065118107174163,-0.012973975183108508,2.09770675575212,-0.012429107469349956,2.0941120980079027,-0.011866833078221518,2.0474634209288967,-0.011246916318249105,1.9597661793789467,-0.010569929369167876,1.877473763327308,-0.009805319717428951,1.7457680897930727,-0.008916595504204664,1.6210995731774989,-0.007969191348078521,1.5560976865871803,-0.006892906107234798,1.4614040413089968,-0.005758226139716374,1.331740036443351,-0.0044806337632777,1.2085757279746774,-0.003138987764948768,1.084416274762307,-0.0017141087764860345,0.8417549371092747,0.002827780731807182,0.4219295992353218
2.125,-0.019125250993381086,0.441286205698385,-0.01692586646746728,0.9145161757800363,-0.015934726841964876,1.3686521393030435,-0.015260685990600374,1.6388896075644896,-0.014700257815982833,1.8593076465523923,-0.014168986128965298,2.0091193209532423,-0.013665993761312075,2.0601883301399186,-0.013175093074206605,2.0960080202206934,-0.01264924765979966,2.087566426225546,-0.012127055270156275,2.0494100739867545,-0.011554995819315473,1.9538765979449146,-0.010904836509594076,1.8719685600573888,-0.01017286505892379,1.7271692134763896,-0.009324340897217655,1.598323134871607,-0.008381753338194471,1.5138097986407353,-0.007385160500738373,1.4254590579585453,-0.006281100029835955,1.2945669615356457,-0.005035556402547858,1.1799101397443823,-0.003773461558650841,1.0459491390951,-0.0023591134349533094,0.8215013732622521,0.002101769627317298,0.42656238287394577
2.375,-0.01920015981485161,0.4279315638358139,-0.01701004813108339,0.8737216930150082,-0.01603226840252673,1.3154098235530993,-0.015395431374028856,1.5764341885164588,-0.01486126666362524,1.820198639811295,-0.014356527444230929,1.9613516235913155,-0.01388805307095242,2.012231566970373,-0.01341372422683428,2.052419098549316,-0.012905353099734706,2.0562980042179086,-0.012416227375719157,2.0254723513120307,-0.011893256547290659,1.9536056823891172,-0.011288116566378167,1.8637295169969885,-0.010615587553914512,1.7260907610775478,-0.009830325041979488,1.5778328406385786,-0.008968690343628728,1.4681369796106416,-0.008041022268291847,1.3837038144875589,-0.007021741039924542,1.2555590909414192,-0.005914087222207427,1.1415556907809299,-0.004726712266902207,1.0137221871748021,-0.003277074916512208,0.7968904901646118,0.0010473257526905683,0.4343778385115278
2.625,-0.019700956666265264,0.43474623622261666,-0.01748580548240833,0.851629559302665,-0.016481261988626792,1.2804576043807152,-0.015861553825468486,1.560841672259877,-0.015329079323405262,1.8062844392592243,-0.014848536553191636,1.9431553591419626,-0.014387329284656978,2.0013442372557027,-0.013922780881163657,2.0538503507464667,-0.013419475014017435,2.0607609895216275,-0.012954091168895837,2.035729234837222,-0.012442511847305967,1.9523041008838646,-0.011872556390090048,1.8644649937010047,-0.011243899483253801,1.7408090628530468,-0.01050983166375279,1.5940960037108638,-0.00969290706141245,1.4696924018202342,-0.00887783497292301,1.3811032734911584,-0.007936417394154389,1.2620538708831084,-0.006913007881004447,1.1570932588604448,-0.005835325548166713,1.0028981532806651,-0.004360770125332359,0.8003616037863073,0.00018964276412859654,0.4491161442926238
2.875,-0.019793040851426722,0.4402937307524823,-0.01765102686467088,0.8348081284956743,-0.016720248152627487,1.2550373126906609,-0.016143375718561736,1.5070022362187943,-0.015640966125114866,1.7257476393425595,-0.015185008523428906,1.8573528650715438,-0.014743342286879969,1.9152072646342622,-0.014296107497031202,1.9561876903760629,-0.013805765798733593,1.9640094943670199,-0.0133465130722825,1.9325886812429978,-0.01286053403059944,1.867549860546827,-0.012330358390716424,1.7649034033496642,-0.011731501349577792,1.667784646537978,-0.011101665667474456,1.5445614608664897,-0.01036416703188885,1.40898099944337,-0.009650318468458092,1.3411680616549893,-0.008806030408092934,1.2120548006000171,-0.007863352469485956,1.114714439231943,-0.006909119435708221,0.9472990390870871,-0.005531277771293889,0.7667793768184011,-0.0006622807097242356,0.4657389710897752
3.125,-0.020060566000138964,0.46307020659564985,-0.017918768887964894,0.8477663105043969,-0.017013580421098403,1.221386013032191,-0.016454852971409566,1.4846784047280794,-0.015990884325087155,1.6953776393060553,-0.015537183208605488,1.8293776542478895,-0.015115168116100048,1.8665341502161372,-0.014692713517031004,1.9108018927439714,-0.014233054113042704,1.9099152381706488,-0.013792952097031155,1.8774030003959112,-0.013333432297798124,1.8000793193619369,-0.012828868762120763,1.7252637497842471,-0.012272942738811347,1.6136197105789436,-0.011647027487308757,1.5017235261126358,-0.010977461391557593,1.4059431058849967,-0.010297386903321748,1.300396547904973,-0.00953678913097444,1.1856736925596272,-0.008707724799651423,1.0737265683467445,-0.007751996505830952,0.9220210485278495,-0.006395938364796495,0.7396769383771338,-0.001777627362332198,0.4465817549615087
3.375,-0.02021423461014194,0.47015807512611846,-0.01811165032174448,0.8348635746910897,-0.017246335589733656,1.2004221618688018,-0.01672347631906368,1.4622985274518643,-0.016291046150390585,1.666723801043937,-0.01585942904466433,1.7973379562194414,-0.015461283330836285,1.8344240276265054,-0.015072499690643483,1.8673133593393139,-0.014643651686245231,1.867139747032815,-0.014228266252499549,1.832313770461903,-0.013796894014525898,1.7556256007987823,-0.013334971623681262,1.673479877298903,-0.012805018876615974,1.5702780316824043,-0.012239899319457223,1.464688827680226,-0.011619769000524844,1.3603549479459702,-0.01100148267513389,1.2637107721536498,-0.010308080726269389,1.144818415588836,-0.009522691699289721,1.0352177525857342,-0.008679990250600523,0.891008304107857,-0.007375473828440468,0.7188751850335875,-0.0027564633771259782,0.4538710322830685
3.625,-0.020206175303377472,0.49116111257988687,-0.01818754736501644,0.8310533707064599,-0.017378197151698138,1.1813038268518086,-0.016883295324633348,1.438766604106972,-0.016488889704462883,1.6296328855921645,-0.016089594941540015,1.750635281116202,-0.015723816635583726,1.8090756646920536,-0.015362985619514824,1.8372859023045258,-0.014972951531317101,1.8334718424940843,-0.01458336201802034,1.7941988279062828,-0.014191730715236106,1.725927092910674,-0.013772333365651307,1.6566670929733562,-0.013295576671254142,1.5590181942044838,-0.012784926354891979,1.4536884653892586,-0.012241099513148654,1.3422438951766675,-0.011689702032901688,1.2423188522828414,-0.01106285571863876,1.1162155408683518,-0.010374380110337653,1.0079469899168771,-0.009624193969113348,0.8656846543728174,-0.00840690107474442,0.7045726812276522,-0.0037941466722379584,0.45477584558959455
3.875,-0.020259223192038614,0.48960780911981605,-0.01827273028933826,0.8196883178534232,-0.017502105311613454,1.1485984215381184,-0.017055665532641918,1.4092656989964458,-0.016707980978966315,1.5948612403119,-0.01634489203118029,1.7159686597448223,-0.016015369295486637,1.7784368556025565,-0.015691102594109843,1.8035190152557632,-0.015342314261896145,1.7944414527993267,-0.014987787881543839,1.7612022959109312,-0.014637803735508255,1.697562553205022,-0.01425904485072573,1.6288566910228055,-0.013838671874988067,1.548823107651912,-0.01338512787200379,1.4298126744443767,-0.012913116294344898,1.3396239317051075,-0.012441528872028158,1.2354561989778203,-0.011907493903403484,1.1058238891930428,-0.011321811816753685,0.9961845555470064,-0.01065541276458441,0.8546346722334656,-0.009520829285960429,0.6913426801647121,-0.004918910495266865,0.46500818833474783
4.125,-0.020213152182636744,0.48617150885105637,-0.018217949269146688,0.8006598000563027,-0.017489131545653267,1.1152346329453762,-0.017074837562623808,1.370060970376794,-0.01676723773551924,1.5458063057714506,-0.016446097113065314,1.6696484021817912,-0.016149482401535173,1.726826315029144,-0.01586356142904508,1.7593615756802523,-0.01555158324605389,1.7395198738098347,-0.015224903703977286,1.7049128822712258,-0.014903768194415017,1.6307206028380223,-0.014561256497200567,1.5728755126675193,-0.014181827368630462,1.4897202165461902,-0.01376528933134214,1.3761075282418092,-0.013336420274752517,1.3012675659403412,-0.012915882587232082,1.1900225362767798,-0.012432457472731908,1.0692068151888139,-0.01189478015455704,0.9613306569856073,-0.011284521739185675,0.8177837322322835,-0.01020952487474591,0.6649982333118527,-0.0056572763326531595,0.4556718891765563
4.375,-0.020050700970969722,0.48368555619845,-0.018045674779876862,0.7948680004309611,-0.017366434190651005,1.0989354001603564,-0.01698561315112175,1.340098699698947,-0.016712875158866616,1.527715382284916,-0.016419501743869223,1.6543758501893895,-0.01616972538723456,1.7176521276803192,-0.01592106125613132,1.7561475707937106,-0.015658020624147985,1.7372762479846993,-0.015367059362112051,1.698406800831334,-0.015104534348978101,1.6216942513585981,-0.014805584534925855,1.5648837525380952,-0.01447389708679894,1.4765248686748853,-0.014114786097013662,1.3740229262371304,-0.013737703753477371,1.2918542765589813,-0.013355198098653001,1.1670326730098963,-0.01293106886486143,1.0450306732484516,-0.012441994429029022,0.9292361382483919,-0.011803237744220686,0.7904453832435402,-0.01071082087052758,0.6455497207673728,-0.006419461899741086,0.44628508069118333
4.625,-0.02022302188085257,0.47893931704090315,-0.018134454314179156,0.7883762155247176,-0.017439652001569387,1.08429874686012,-0.017074137791692732,1.3357364651151051,-0.016817647422152786,1.542080217361959,-0.016555036166824334,1.6860530298974732,-0.016343299414988615,1.7559072371806435,-0.016137981441663597,1.7911887773734223,-0.015907252010951032,1.7756805662268444,-0.01566203992269587,1.7475874642516265,-0.0154375503419344,1.6636096462835326,-0.015178373413201385,1.6027847484228301,-0.014878145700553668,1.5026916673479216,-0.014532801108049734,1.3871074533872163,-0.014195139919613424,1.3004254766555174,-0.013839354370672328,1.1653300239109992,-0.01344599888541059,1.0483437083469211,-0.012970816782169018,0.9238934760444225,-0.012329284536616454,0.7941259235598142,-0.011236281798519359,0.6448242953633436,-0.007079651209338551,0.4404541348159788
4.875,-0.019934488466525874,0.46728967750862616,-0.017839369662658866,0.7741846843546509,-0.017155534345896256,1.0630913430032987,-0.016822437106815885,1.3115650270190626,-0.01660609376292348,1.52882178818118,-0.016398072490831254,1.6845762227634196,-0.01624170815763631,1.7700714255472534,-0.016092597807282377,1.8144192817474403,-0.01590542804077488,1.790305632287401,-0.01571221491237015,1.7593639931986436,-0.015525755312384886,1.6734009684151376,-0.015322291363269881,1.6157380400247918,-0.015075986629918464,1.5049174306574058,-0.014790475999473671,1.3744146947650369,-0.014490696550132045,1.266898927413218,-0.014167943678882888,1.1434567575515304,-0.013801979456740308,1.0256368749674174,-0.01333890480412913,0.9037169463026762,-0.01272326736456877,0.7845774498224748,-0.011678644542177772,0.6409710861499572,-0.0075980447397852825,0.4287515693293897
5.125,-0.019866553787964283,0.4519929332187868,-0.017781641254370886,0.7534997199513896,-0.017151928417436353,1.053262763870184,-0.016864842938776492,1.2948511317314828,-0.01667782599979414,1.5190195957894521,-0.016496362005322722,1.6820064264261712,-0.01637924547499486,1.7950164174547925,-0.016273988550698396,1.837676130376366,-0.0161467122411838,1.811689498679953,-0.01600580472996649,1.7750190620190522,-0.015871725943803847,1.7017638590815276,-0.01570808211539906,1.6398484840616108,-0.015505914031980008,1.5333044458770195,-0.015272629824768449,1.3945358189360895,-0.015015703727735965,1.2697763756557965,-0.014737627391882991,1.158517254818222,-0.014406843070101592,1.0341383040831538,-0.013986454651477367,0.9163135293834906,-0.013410589070229269,0.784224407096478,-0.01234819301958004,0.640964568816469,-0.008485474046304783,0.43268697811055457
5.375,-0.01965010095958493,0.45074892371045816,-0.01759500885648227,0.7425591179463661,-0.01699971498787912,1.034214162285238,-0.0167301366982388,1.284276799030171,-0.016558552207317456,1.500800977806278,-0.01642691715413455,1.6660081575965733,-0.01634945641230071,1.7923109075308399,-0.016294886446537926,1.8288146532347334,-0.016221791904147635,1.8151137594316704,-0.016128954568799796,1.7798961997035516,-0.01604294463680247,1.7123294289199362,-0.015932947669689494,1.6391166820838534,-0.015792717376656575,1.5424353316769546,-0.015627828646294837,1.4013008607690036,-0.015425873031356167,1.2781972823512593,-0.015205643319167432,1.1614744110471544,-0.014930124276365834,1.0416970531810972,-0.014551271464526247,0.9266348042677016,-0.014075668279889163,0.7970067166219588,-0.013125473566560235,0.6478235151203934,-0.009552066253513103,0.43221239609184225
5.625,-0.01928416838370726,0.4424506622077259,-0.017263984737636583,0.7378547093758003,-0.016710441340567032,1.028075922659745,-0.016485353220748455,1.2708893108602475,-0.016344972378491696,1.48674455043731,-0.016243558381595774,1.652515959703581,-0.016206161839394214,1.7849689435581997,-0.016179039367233743,1.8273446047581718,-0.016150298894631963,1.824161877527541,-0.01609932672854113,1.7936013140751759,-0.016062450707063167,1.7289602567394986,-0.015999047286765627,1.6535573417168965,-0.015927044005632843,1.5567715657483394,-0.015823159918794384,1.413164709959683,-0.01569396849587607,1.2896437679200023,-0.015519327144038817,1.1700161797168835,-0.015289029219034545,1.055860157423882,-0.014972573879823807,0.9446248372461046,-0.01450420373516107,0.8042601030365039,-0.013606784125745461,0.6531811565112056,-0.010155522234010072,0.42856528005432387
5.875,-0.01894706329147692,0.4365171804827328,-0.016893868962245845,0.7375314427794762,-0.016375745555734803,1.022057550563666,-0.016191084949354635,1.2676893567974241,-0.0160763303469193,1.4923422399870252,-0.01601611665508192,1.6653983128005772,-0.01601109788389324,1.789149929559806,-0.01602793883210386,1.8377480170911435,-0.01604176196959223,1.8326202013621762,-0.016041643286147548,1.8062370343775036,-0.01603656103053737,1.755543492954264,-0.016015014643995643,1.6679233716254702,-0.01598804223986223,1.5754692581909697,-0.015921481529111665,1.4231770668239585,-0.015837202304418985,1.3064250698696303,-0.01571852119690255,1.1840905023019057,-0.015516309941564832,1.0775682843977643,-0.015221861504918591,0.966030194040317,-0.014769349106924715,0.8264864582623223,-0.013890547156422614,0.659689527016874,-0.010782291149738641,0.42497566484080496
6.125,-0.018634339597724106,0.43004183433346216,-0.016535171887865012,0.7246289401457924,-0.016051877039584498,1.0038607712013818,-0.01590227484248098,1.2499766328337303,-0.015807428033720015,1.4725306474795687,-0.01577486178143882,1.6475508198572137,-0.015802986707966822,1.7681888124767302,-0.015845191155748648,1.8197301556278542,-0.015891526297448864,1.8228339943553293,-0.015929622905157967,1.791302275383879,-0.015945967495022653,1.7477475797999544,-0.015964165903672715,1.661718415325158,-0.015960948382644474,1.5628158550629523,-0.015929008636421986,1.4329454223194682,-0.0158961834147289,1.3055616806089159,-0.01581468831016974,1.1940000789705574,-0.015626095906944325,1.08773451181152,-0.015367856437239891,0.9794361487818872,-0.014935609574606004,0.8549116982748505,-0.014096870283231491,0.6699809424921235,-0.011128149622219053,0.41979783542011423
6.375,-0.0183114084932003,0.4312207826175624,-0.01628729868965777,0.7230499215175225,-0.015866961998691954,0.9963967524455627,-0.015756496840801507,1.2584108778133083,-0.015702349037892447,1.4687850572030272,-0.015719628622084873,1.650650941066672,-0.015789005259403067,1.779362065212681,-0.015876708735083078,1.8288587671173853,-0.015968109905239888,1.8375883651156262,-0.016050872950410463,1.7998932689187384,-0.016103210014105404,1.7658477609658148,-0.016154327128499266,1.6739914086464112,-0.016180980014038993,1.5766331651093548,-0.016196015789407596,1.4480359734795694,-0.01619895112418494,1.3180629477795842,-0.016161926904842285,1.213199808000676,-0.01604005506578306,1.104546484662513,-0.015784015125906405,0.9932212345125087,-0.015370603598405336,0.8768205741274969,-0.014616212633708265,0.6799230932568638,-0.011935918256186829,0.41928304611756156
6.625,-0.0181045017279051,0.4301228318407488,-0.016165772472763126,0.6979601053927982,-0.015768462953093136,0.9525719621732323,-0.015684306533560937,1.2117617721449758,-0.015671296755817393,1.4180189798821385,-0.01572427981021118,1.599385067473159,-0.015819485803718853,1.7247888241625566,-0.015924650472795024,1.7696183272966037,-0.01603297055970026,1.7744446201099422,-0.01614526432243679,1.7430793187665385,-0.01621202831179841,1.7209009632291195,-0.016289898692968527,1.6262663152402401,-0.016331264222691176,1.5339440127575095,-0.016375591956246154,1.4112936853018785,-0.016411642198790346,1.2911965079219676,-0.01639809699101883,1.1938945464270572,-0.01626001467533835,1.0942765396110958,-0.01602436014100249,0.9889187556680189,-0.01565811674151017,0.8808357331200755,-0.015003007639510834,0.6814346980391368,-0.012647555368379826,0.423236000296337
6.875,-0.017631233617453536,0.4238365652005745,-0.015845566991966046,0.6729844561455876,-0.01552404306673442,0.910815945167501,-0.015510928439755068,1.154736216417645,-0.015569310371672026,1.346794028834353,-0.01563423256669786,1.5104616041686003,-0.01575568019912486,1.6335574102568609,-0.015886636282543744,1.6834086348314343,-0.016044997207402822,1.6973574729204948,-0.01618297819188238,1.6589859190746958,-0.016282902195602654,1.6409423068366789,-0.01639214740279971,1.5612154212062506,-0.016491728505979204,1.4725946107573358,-0.01658341974890861,1.3618018697946572,-0.016647809422765784,1.249686954577409,-0.016673909937151662,1.1621348030148924,-0.01656488976582309,1.0609852453219306,-0.016419124355156106,0.9724685914681614,-0.01614863914599406,0.869013169932511,-0.015534414410758448,0.6707279090095467,-0.01335438790164046,0.4168312806606658
7.125,-0.017121927196399253,0.42697117305180027,-0.015507869333637386,0.6477530950620433,-0.01527680429355218,0.8739505343625317,-0.015324601873846898,1.1020506432240664,-0.015441741261182272,1.2798601233635154,-0.01554430618137688,1.4212844788990047,-0.01569229418620687,1.541346852810756,-0.015837030136386973,1.5921167240226013,-0.016034809794478112,1.6111461029363718,-0.016194816151439403,1.5939488696402475,-0.016328185983248044,1.578759485327425,-0.016457199895230454,1.4994507689525969,-0.01657502896511933,1.4293536656825558,-0.016695331231538102,1.330425822388216,-0.016801370440233113,1.2413300724679426,-0.01688366242474782,1.1513052692852976,-0.016823936870497616,1.0531706380747592,-0.016732337472570316,0.9721925527026422,-0.016512838773279578,0.867652370481032,-0.016014200452263254,0.6695839332138863,-0.014213236772982252,0.4302828651752755
7.375,-0.016907558536283968,0.4225680939769712,-0.01541113247391073,0.6220729208352631,-0.015220881356910574,0.8229552720639807,-0.01529687009780633,1.0391408573751988,-0.015419699335420351,1.2117118699363543,-0.015568753535913513,1.3390248477180198,-0.015739328225354326,1.440057072430524,-0.015901739407046943,1.4969251794220786,-0.016120737587748048,1.5172534587146356,-0.01628601464374974,1.5093872879914496,-0.016420026429524497,1.5042652090356572,-0.01655927391631383,1.431248124913414,-0.016709089136271272,1.3685413296031035,-0.01683048165363375,1.2772119386026064,-0.01695160131521233,1.2034915725851099,-0.017065715776613692,1.1099621732924065,-0.01700919286071788,1.0154301770117684,-0.016935319059327235,0.9425881161005697,-0.0167367482611835,0.8468596875003234,-0.016279929886763973,0.6517357308511436,-0.014567227803464228,0.4162208561213258
7.625,-0.01683785025594768,0.4086015264794317,-0.015398942674837272,0.5909650403574274,-0.015251683707374335,0.791736486778352,-0.015411490949434743,0.9810332209363548,-0.015594873530100117,1.1436793272247736,-0.01576633487740683,1.2612877907155722,-0.01593465775127425,1.3582697030502562,-0.01612019149714307,1.4154642939478321,-0.016345142826158184,1.4390533233412737,-0.016520073187526692,1.422317568871816,-0.016655659356529885,1.4199316461249039,-0.01679262789600687,1.3683325698815239,-0.016906704001020834,1.3062358147297612,-0.017024099221626638,1.2252572919843014,-0.017166220454285272,1.1618709242184642,-0.017295470329764653,1.0763629319187058,-0.01725272569974868,0.9864076562909342,-0.01716128870663552,0.9168020406997194,-0.01694908797621505,0.8249083720510653,-0.016493983297544913,0.6333104097526535,-0.015209070896760626,0.4078641325194716
7.875,-0.017060655201851006,0.39946474914203817,-0.015610201826658064,0.56387516728365,-0.015431850495747357,0.7385162286059258,-0.015568845919220175,0.912787110310903,-0.015744577137408403,1.0754141839831262,-0.015958880708318548,1.191286231318248,-0.016137482604741394,1.2885072916541187,-0.01633596947977042,1.3428617500474864,-0.016554980428038296,1.364127553205864,-0.016748907431866883,1.3498324647816655,-0.016896626744057862,1.3550555440793972,-0.017043664316042557,1.3059443433533129,-0.01715900349774661,1.2536212805866525,-0.017268344064252865,1.1815904797720043,-0.017405718356218965,1.1292632864183896,-0.017532858234493645,1.0430129147434715,-0.01747468362232413,0.9602691725125391,-0.01738845616015942,0.8808140355698241,-0.017154423105961908,0.7995117571538055,-0.016708283527631738,0.6094678490821109,-0.015416191003805113,0.40256980516945357
8.125,-0.017308712075937538,0.38846889070875323,-0.015843800340339446,0.5358399116890268,-0.015626083817997273,0.6931797316995785,-0.015738948777572266,0.8580870178656205,-0.015927123917089107,1.011999729692898,-0.016147323793986552,1.1151249583333267,-0.016306779842427614,1.2136189203046963,-0.0164942162900621,1.2670057805979804,-0.016711136756060126,1.3034962160072066,-0.01690100439488542,1.2900323708733228,-0.017035877652068137,1.2882460252247763,-0.0171806402093307,1.2575650016875226,-0.017291354458287986,1.1960618622961607,-0.017400772332721654,1.1423669463233084,-0.017522253313759763,1.0856671951935646,-0.017599682636670153,1.002452645193683,-0.01753175429088149,0.9207547790138756,-0.01738473649202536,0.8450422228319198,-0.017108195430722777,0.7681832853318861,-0.016612689956217806,0.5873014520842265,-0.015318776412790718,0.4046971559894615
8.375,-0.017513437459387167,0.382646290608278,-0.016189633400834062,0.5149849187201305,-0.015915455635705063,0.6449785187490441,-0.01600949359535586,0.7959139889681676,-0.016186423265701834,0.9371002050585978,-0.016387216276442806,1.02965917699559,-0.016530028356472506,1.1217783373791315,-0.016712149721114095,1.186364130257837,-0.016926186841478796,1.2204852210307964,-0.017100083762794944,1.2045806788046567,-0.017249661109742714,1.2003656515075256,-0.017386825576995762,1.1815616716713053,-0.017487397251554272,1.123712860883397,-0.017573635538449914,1.0655148080070285,-0.017658958525292905,1.0259879599128003,-0.01772445641797306,0.9420613462391757,-0.017648140618077946,0.8705697934691795,-0.017469127615889746,0.7966717160981709,-0.017202476803398658,0.7180667178155928,-0.016682292202366434,0.566399693235691,-0.01575537501741622,0.3958197070255519
8.625,-0.017450060637599882,0.37480046689321206,-0.01619872963105904,0.4861813863233226,-0.015874155931262863,0.5949023755905795,-0.015952132783936247,0.7068018580343179,-0.01610320777239799,0.8454805922908034,-0.0162543663783147,0.9245075464879744,-0.016363340760024145,1.0092956464932419,-0.016539462224399042,1.0650066581023463,-0.01672566861515555,1.1058279531728787,-0.01686717822062211,1.1039736059165617,-0.017009496286651483,1.0990872988702158,-0.01714027751277401,1.0962917118262887,-0.017231605782821752,1.0487308069920047,-0.01731864046277895,1.0015930128739525,-0.017389379547946934,0.9650923881930628,-0.017465767420201485,0.8882072001759534,-0.017338796322983945,0.8182743268544904,-0.01718373398574214,0.7611029673902626,-0.01694667324271978,0.6750875820081471,-0.016432213100023407,0.5421323417041398,-0.015377358028484361,0.3996750449250268
8.875,-0.017234404108172462,0.36323183476813053,-0.0160262038505311,0.4590440738986527,-0.015617698253821864,0.5544323139860137,-0.015671854940959185,0.6487413672093146,-0.015791110151943417,0.7633498494064973,-0.015931605591658834,0.8260262561288413,-0.01607125730964881,0.9085294431591379,-0.01627819445796401,0.961858293009541,-0.016495399315319428,0.9992160416394432,-0.01663278130363671,1.01404470301946,-0.01678328767566994,1.0136157227698874,-0.01692192354698718,1.0148831085991248,-0.01698392752603886,0.9683573555651195,-0.017050286865128626,0.9229320693147414,-0.01711348075765559,0.9017835945792683,-0.017154963947781564,0.8373925333157619,-0.017069463656520168,0.7698145155379578,-0.016936208291149737,0.7158843498344329,-0.01675293664488057,0.6364712569864005,-0.01623659652707912,0.5092363587431704,-0.015185450985954266,0.3803353924697181
9.125,-0.01627992981672968,0.3706421873636922,-0.015071462240460723,0.487304235388271,-0.014707421258920519,0.5982850068202099,-0.01469228755803929,0.7194549344556916,-0.014768348127403326,0.8316660544427044,-0.014871966516801406,0.9218083877190113,-0.015031480636138333,0.999081761180104,-0.015179949802679726,1.0495485179978812,-0.01535408119122675,1.0748403959428534,-0.015485001599686249,1.0634204825515352,-0.015655194965053215,1.0718312290962622,-0.015798157395756886,1.0481746170779869,-0.01589565231751741,1.0119981633993547,-0.015988799543080957,0.9724637143492986,-0.016118334216465077,0.933879947355535,-0.016248507975670602,0.8820855020187648,-0.016216965207696183,0.8069870686485104,-0.01616782269526406,0.7480479013914848,-0.01598890753765267,0.6776057324023883,-0.015554617911895741,0.5363005221059625,-0.014183575963388843,0.3858000874202041
9.375,-0.016144848712133054,0.3633756001059489,-0.015051230273493638,0.4663320219876695,-0.01463168366705401,0.5623029838942077,-0.01458163258763101,0.6723999371376644,-0.01467291886755218,0.7730905146961753,-0.014736212750217947,0.8564762633442425,-0.014898882495231887,0.9296357060577479,-0.01506842010509418,0.9853008818964109,-0.015261646671396584,1.0104360806088424,-0.015371689601335474,0.9979994486762214,-0.015540517981910067,1.0034760838225092,-0.01570296328837381,0.9845419914518978,-0.01580854156369179,0.9561251288027124,-0.015894990756984473,0.9121005818266044,-0.01602842926323712,0.8785122592938054,-0.016155350117520176,0.829749163389497,-0.016152649367273078,0.7642085884122052,-0.01607160621229226,0.707592496558846,-0.01590285911211816,0.633568301592454,-0.015469278830557867,0.5107933896151259,-0.014372716882131866,0.3725440128364201
9.625,-0.016052576294342955,0.3583243381723057,-0.015028491092718843,0.44557977174880065,-0.014570758713892625,0.5238156099595042,-0.014490173508221233,0.608568786538469,-0.014553677491627627,0.7042061913035352,-0.014588370202927112,0.7789490006916423,-0.014738189857081573,0.8464775965676827,-0.014889759507806867,0.8992095955040711,-0.015063531557359197,0.9272764027589538,-0.015186767578017202,0.9249668587237319,-0.015359634108470641,0.931167912016357,-0.015523013132824205,0.9234364693494365,-0.015666395865612987,0.9031429396021438,-0.015773642868418314,0.8640171591826649,-0.015932639296587923,0.8312219236646533,-0.01608875280266948,0.7851001550321821,-0.016075178710350583,0.7207962590639907,-0.016010924953535968,0.673852931567403,-0.015858836729924032,0.5992993734075716,-0.015447505092230682,0.4896399908816735,-0.014464956117500566,0.3651764297883904
9.875,-0.01585045386944527,0.3561039496381061,-0.014883273477087467,0.43483306638655356,-0.014410652479858262,0.5036677966148254,-0.014334541471415002,0.5793191628988492,-0.014396485802403602,0.6573303178101474,-0.01442628174561054,0.7243724300221153,-0.014581389933762167,0.7879224813202057,-0.014743911126223799,0.836727179610082,-0.0149534397507503,0.8649260535477434,-0.015073853006538882,0.8683159087438714,-0.015254165896624552,0.8768146292998961,-0.015438610998048885,0.8721442356665964,-0.015601155250388984,0.859296414941169,-0.015715087099078415,0.8207371559975921,-0.01589969844143935,0.7925379411435085,-0.016041041798825664,0.7530373913380921,-0.016037460624773438,0.6899704846039321,-0.015994080890351644,0.647760880960239,-0.01589369847499568,0.5728168583261428,-0.015466277205898523,0.4691788711135991,-0.014539519325527677,0.36042410988646006
10.125,-0.015716299679282713,0.35754515242287216,-0.01480522564071828,0.4283285591720823,-0.01431230499828965,0.49182119041896893,-0.014164905827303889,0.5597260767826812,-0.014179468916472258,0.6311386424065869,-0.01422778296178961,0.6890981849239057,-0.014385394090289506,0.7502530405224528,-0.0145447713504855,0.7934282155892574,-0.014739857146351188,0.8219618323865706,-0.014866798314099532,0.8245429370239716,-0.015051491502872345,0.8361930659968568,-0.01523604995562111,0.8287594232041662,-0.015389698095733857,0.8294689531701569,-0.015510276136934672,0.7932455458994179,-0.01570780223697259,0.7652513019577667,-0.015848766476550476,0.733034436332181,-0.01587571782202346,0.6779046495250088,-0.015815756381915073,0.6322406630205574,-0.01571304255681756,0.558828787609875,-0.015320821289129715,0.4592661197029545,-0.014403989985622654,0.36160648030882175
10.375,-0.015628871785125044,0.3531927003847943,-0.014697495520419141,0.41837020228415667,-0.01415998992774631,0.4736986563135987,-0.013966699533783896,0.533094132468854,-0.013946827550434917,0.6026601662264628,-0.013965640438769375,0.6629542667430188,-0.014075574238756484,0.7152401563057087,-0.014226682512247416,0.7516566030888455,-0.01438875133012651,0.7768722284976041,-0.014508128750254272,0.7765819070248942,-0.01470522483010083,0.7971840190552139,-0.014904309798811374,0.7901029321230033,-0.015075872501892008,0.7902677759169798,-0.015197964540474798,0.7611157137382966,-0.015397380885759324,0.7292833702305864,-0.0155057128610779,0.7071714695479137,-0.015528822475196798,0.6528671062165063,-0.015479047951038799,0.6024797224706686,-0.015316764859111678,0.5361750378775809,-0.014912662779861051,0.44010613998781484,-0.013941296648767483,0.3548117047249501
10.625,-0.015244325368161487,0.35083983626940657,-0.014348147273264724,0.41362580938729604,-0.013722913298298077,0.4593878870439212,-0.013524724166791497,0.5241929103518828,-0.013511018278358185,0.573785667297581,-0.01353012989430798,0.6333533856309155,-0.013649107239614312,0.6820689393825983,-0.013796891601642306,0.724737545003538,-0.01395666400265716,0.7437706658407536,-0.014073478716219683,0.741528062873285,-0.01428677470680566,0.7630647880202995,-0.01450270026050466,0.7616053579062623,-0.014662218990737236,0.7703647639347104,-0.014791258144517339,0.7437763921107357,-0.01497444344782702,0.7160618181573795,-0.015076623717291864,0.6988691868972841,-0.015118869803096905,0.6449005226283406,-0.015066309636153578,0.5913842406094615,-0.01490137256265636,0.5317118388865409,-0.014563993045925054,0.43664015504500403,-0.013769736810627367,0.36315018525536213
10.875,-0.014759820556012918,0.3526550406443402,-0.01395147164233606,0.4167012746075885,-0.01329797483425521,0.45055122567490585,-0.013065684314252042,0.5212778051197394,-0.013000431349501977,0.5624160470997778,-0.013000735232067956,0.6191622233989127,-0.013146108540919011,0.6568479568763211,-0.013268908400435283,0.6989274609210968,-0.013431753668196801,0.7151191191978161,-0.013553300946865176,0.7249926771806882,-0.013777381980428851,0.7441662656241761,-0.014000461818177415,0.737274636511215,-0.014184391460824735,0.7503169136345149,-0.014278990540106064,0.7253228292871478,-0.014456442752585931,0.6957078022981918,-0.01455823279238712,0.6870600126444525,-0.01459564490919501,0.633657203168486,-0.014581558811723521,0.5832942201285314,-0.014420832737479291,0.5318560269483469,-0.014103016029522126,0.43779795885878786,-0.013262258226087996,0.37564415137555773
11.125,-0.014465756838311559,0.36100547768503033,-0.013704240816045769,0.41760483340643617,-0.013047369482963441,0.44762508512312565,-0.012782180489861171,0.5133706605309679,-0.012677939007320586,0.550970847814587,-0.012653902229447778,0.6074977659608447,-0.012796045531644993,0.6428386814000422,-0.012916774606159885,0.6854488454879952,-0.013083850320357145,0.705033239525689,-0.013187710516060006,0.7128927220201068,-0.013348953017956395,0.7407648435879449,-0.01356725071839956,0.7376876153343067,-0.013737887077668839,0.7530472451639751,-0.013843551986824987,0.7305716563988944,-0.014022565306719971,0.701479409174181,-0.014135512576271993,0.6964465143839657,-0.014210748154100429,0.6349924124628546,-0.014186200229191199,0.5940239717602658,-0.014032724617391955,0.5457677934674218,-0.013678367511612813,0.45460789318795736,-0.013028426093356017,0.38989916221871657
11.375,-0.013976477698837971,0.3609458357504705,-0.013341646086262074,0.4149885106057041,-0.012683615013895175,0.4437562423646495,-0.01241085140878324,0.507382114526154,-0.01225983186576868,0.5312781386610099,-0.012217439646626133,0.6007675701568292,-0.012365853638803891,0.6274135704981072,-0.012488235812600945,0.6752278762627291,-0.012622009484199328,0.6923172642310793,-0.012721890558383707,0.6943396643960209,-0.01288944935990251,0.7259908019767332,-0.013127910750420796,0.718239253729521,-0.013300600144820776,0.7437224615721753,-0.01344235043099943,0.7283248631093738,-0.013665073855782991,0.7040799056878111,-0.013856260539932778,0.6987046264312398,-0.013978371517284545,0.6420886976315319,-0.014030489986968705,0.5954108605033513,-0.013915108471847792,0.5498977726664211,-0.013640133357237943,0.46602360785649793,-0.013086371892297893,0.3835375734027303
11.625,-0.013228597038573991,0.3584418054533192,-0.012645106630473746,0.40047503187877115,-0.012028289311179592,0.4359060133429323,-0.011745060389817598,0.4939429937281097,-0.011557492596680163,0.5106241686347718,-0.011495850132065503,0.5819929385641422,-0.011650134667843934,0.6097335111441519,-0.01173857014535048,0.6569589606316321,-0.01187559431266964,0.6752295951870184,-0.01196823665502697,0.6839235255134418,-0.012131431425308729,0.7131920350766664,-0.012399478969706208,0.7039596674950924,-0.012583826639531462,0.7330756165521575,-0.012736278908665388,0.717275367189669,-0.01299736088143552,0.6900423594508661,-0.013181677935966881,0.6881997162962006,-0.01333902752347163,0.6367077478119282,-0.013433018480431567,0.5933575275095119,-0.01333240259771918,0.5436154743555353,-0.013144695889954684,0.4611942865266474,-0.01264865716134134,0.3802422561916891
11.875,-0.012406667888365962,0.35114666093393015,-0.01193347295635381,0.3922312896671609,-0.011346358250484846,0.41931844811062596,-0.011044948002724578,0.4779967423827203,-0.010824673995477365,0.491762196653869,-0.010795814886701335,0.5653376004877028,-0.010955068024435112,0.5805037393189223,-0.010973969970222838,0.6329168012894772,-0.011125602583920428,0.6535087631921552,-0.011274430225246596,0.6612912762701166,-0.011475777690367069,0.6951271006477258,-0.011780790692223523,0.6735637627053908,-0.01199707653936347,0.7104670979422175,-0.012162374476420134,0.6906932561586825,-0.012455160147146366,0.6720145579662363,-0.012644264343406849,0.6625805002189326,-0.01285017400136859,0.6124226684761926,-0.012972752930821927,0.5703631951361048,-0.012877744211064999,0.5292883456502153,-0.012750611319967929,0.4521736060438444,-0.012595200404009242,0.37370929324355334
12.125,-0.01162548883756871,0.34855802886111764,-0.011277264568040474,0.3978180126864352,-0.01083716967296453,0.4282551617001232,-0.010539020182378246,0.4906262884046365,-0.010362760040448,0.4988238471844729,-0.010301716584586168,0.5724535680466061,-0.010430789060685087,0.5818171866564407,-0.010419754488695714,0.6318165278683137,-0.010568989396482223,0.6675893680206945,-0.010736641625191555,0.6607535009568815,-0.01096515278185654,0.6925944216186541,-0.011271212177094024,0.6783687516609298,-0.011546150433127688,0.7204129827043964,-0.011742476432975062,0.7054464630136237,-0.012068217416642546,0.6777714745721191,-0.012337647328633067,0.6577979187491875,-0.012574169027323827,0.6218819018990157,-0.012719306255334776,0.5775568430747111,-0.012657264835615967,0.5315751670904815,-0.012556412731150103,0.4565733812249756,-0.01248554417384856,0.37866111130992897
12.375,-0.011064952922730985,0.3554195729423133,-0.010764994577067595,0.4078398310450415,-0.010351533078511253,0.44753103286024376,-0.010076801079990167,0.5145641383679973,-0.009979645546635156,0.5339473512108998,-0.009972336342838343,0.6044352683610001,-0.010127320959697716,0.6157523568035322,-0.01012696012649768,0.6654854557888982,-0.010309249705436892,0.6912616590981787,-0.010477544636897164,0.6935220497034874,-0.010714099475275173,0.7184192121888655,-0.011018486818396202,0.7128976598451146,-0.011286549908584706,0.7431210733389478,-0.011531520236744782,0.7262827595502473,-0.011842322703124412,0.7009759357998728,-0.01209858446235914,0.6733458902774163,-0.012330614652395577,0.6459751613968995,-0.012446566766851071,0.593924010840769,-0.012389087246822613,0.5501278258981875,-0.012268003551312127,0.4740976338302738,-0.012224373355294626,0.3933945176437738
12.625,-0.010901381750327893,0.35358274657997774,-0.010605685539963184,0.4184784149012966,-0.010268366407936,0.46287468881517535,-0.010054096302003445,0.5390973869581792,-0.009997600233588831,0.5543525427546249,-0.009984131020993086,0.6243535617446392,-0.010173631735790965,0.6409174113590451,-0.010208442222992685,0.6884181035527872,-0.010399206272765967,0.7236224295753342,-0.010567717686473877,0.7219115765164976,-0.010778698157605364,0.748576857376492,-0.011102698177906859,0.7418162359372816,-0.011378161075807948,0.7648307280421016,-0.01161291682405509,0.7442829423153171,-0.011877094281775828,0.7226863035040862,-0.012096280488861999,0.6936547426190319,-0.012332805871287654,0.6670870356330165,-0.012441865963887803,0.6188829161284479,-0.012392894101392793,0.5660649265974386,-0.012282718277493145,0.4856214277432612,-0.012209905419088202,0.39131247880786607
12.875,-0.01054830175089938,0.3508657251982278,-0.010306764516901858,0.42605719108785967,-0.009986872489727404,0.47391551589411407,-0.009864746014320804,0.5519389577546602,-0.009882777853168713,0.5845395590854182,-0.009949811444178013,0.645391616858414,-0.010148553804556554,0.662523733499472,-0.010242611591983334,0.7089165764027116,-0.010444681459720936,0.7420195070688839,-0.010659155596188599,0.7422973487306862,-0.01090871090900501,0.7610384597492607,-0.011240762475388497,0.7586984149061322,-0.011538725706463377,0.7681550178968897,-0.011764765602173696,0.7394997078279991,-0.012044352502556234,0.7238451423509027,-0.012261297251996341,0.6966711583301424,-0.012525566047069872,0.6602451878400545,-0.012618618128844225,0.624156821043361,-0.012569134178818926,0.5736807818181963,-0.012494140360574191,0.4856505342407588,-0.012606817544302096,0.38885503068862903
13.125,-0.010223311777889757,0.347026057210942,-0.009987771096456105,0.4290786771788709,-0.009758668317649209,0.4899795241263828,-0.009738350899420023,0.5655882169783638,-0.00978951718674625,0.6096495121317806,-0.009916067921332662,0.6670779352773684,-0.010135269893082265,0.6850756527540058,-0.01026515514458443,0.7346571737688263,-0.010509888037854867,0.7682991903297822,-0.010764124825712349,0.763632978386453,-0.011015035850994009,0.7831944223631876,-0.011355292737536493,0.7874977458980489,-0.011628272421473698,0.7941354434674587,-0.011847568968751046,0.7636044434344518,-0.012120459879594824,0.7498805502850925,-0.012327266495048842,0.707998552322404,-0.012601065629450188,0.6776141715300287,-0.012673605121801854,0.6392681738180097,-0.012623385005738905,0.5775994680357402,-0.012552752364694523,0.4829360916244921,-0.012795506819313573,0.37111363549752746
13.375,-0.009809912104972776,0.34318280042189503,-0.009616803371560498,0.436566026295692,-0.009465971809758673,0.4993343029641986,-0.009532123696946178,0.5842549792074471,-0.009641338599762076,0.6261142923114282,-0.009823404707865406,0.6861107485938585,-0.010095495924590213,0.7083609189663663,-0.010255883656565514,0.7600465541206932,-0.010554177987217937,0.7935409578245735,-0.01086227412099099,0.7855036692628877,-0.01113852729301824,0.807985873238929,-0.011511881910067254,0.812916067220897,-0.011808665119995185,0.812606501868104,-0.012060898940508562,0.783057293810731,-0.01235024854071555,0.7765978441052753,-0.012580196685894217,0.7362148614866795,-0.012868987384859296,0.7033292690135623,-0.012960898732819113,0.6545175479054436,-0.012964750392489864,0.5801215143126882,-0.01292690268582869,0.48220184529147947,-0.012877859297736565,0.36266071277440803
13.625,-0.009601450888994875,0.34564728068221806,-0.009385068889311796,0.45422720620680024,-0.009328920519120093,0.5233105914101818,-0.00948233856278744,0.619593260123438,-0.009647625451296254,0.6685869966511172,-0.00994013765277945,0.7278394094657206,-0.010256396621113117,0.76083646068544,-0.01045573085692795,0.8126893399749556,-0.010757806154441838,0.8455046438374451,-0.011111222872253058,0.835623301105159,-0.011424255667676728,0.8650047006144115,-0.01180436977268308,0.8684028112589964,-0.012119686340874741,0.8691010083465261,-0.012388737415765618,0.837639186195535,-0.012681239204014833,0.8360186518602181,-0.012933038718223348,0.7949905820501896,-0.013223389160506693,0.7587061429315605,-0.013369803884542699,0.6962365602759044,-0.013386890313229137,0.6099317891788347,-0.013297657013952816,0.49472658877424114,-0.013137159095709026,0.3629028170501415
13.875,-0.009688200784432003,0.3462503090276672,-0.009456663814923084,0.47244276289270876,-0.00942045734598136,0.5536864821199066,-0.009654418036464774,0.6637434799065894,-0.00988053419891176,0.7197758564890095,-0.010183021639710337,0.7868667025137407,-0.010535403920660831,0.8247642831967704,-0.010778266083347187,0.8806576745324267,-0.011101708750428294,0.9074369844703954,-0.0114641129004932,0.8996838798513452,-0.011803150239106573,0.9256440386597656,-0.01220254585853583,0.9287125186507105,-0.012503145474734573,0.9280548263746576,-0.012767224694274005,0.9017284402295669,-0.013061322008197013,0.8959460894971532,-0.01331508411622881,0.8589837215139791,-0.013625307954001024,0.820685608849238,-0.013790876713870139,0.7421032206201705,-0.013827278871620972,0.6458579679188425,-0.013740029721440736,0.5054020535808296,-0.013390970393576064,0.3849959345207139
14.125,-0.009973875406984647,0.34995083830451695,-0.00970840800230893,0.4863746576283081,-0.00972687217717159,0.5760793560467932,-0.009981122114610863,0.6972895659812975,-0.010202321145825255,0.7663853130008716,-0.010530626201688358,0.8379239985643896,-0.010888808349499396,0.876471979353853,-0.011170017138841285,0.9383717081118004,-0.011484005267795392,0.9618017243050699,-0.011872149513000873,0.9564337545021963,-0.0122243114865405,0.9848528135623261,-0.012590739064778965,0.9954015899201732,-0.012916088975755727,0.9890873110071696,-0.01319357661134993,0.9636436027929041,-0.013468148772479498,0.9628573036417903,-0.013751507586022298,0.9251160765347327,-0.014082398742111736,0.8832634783721248,-0.014277264297059587,0.7972964331205741,-0.014333054910691017,0.6832662369333363,-0.014254614727399263,0.5278645364584482,-0.013971688465572304,0.4023438076353098
14.375,-0.010135193981090345,0.3486585585925274,-0.009847687160698641,0.4903989424902577,-0.009909876985203488,0.5964471146400923,-0.01022859799324744,0.7232310404064682,-0.010498102529679393,0.8001855372267274,-0.010861211879606158,0.8725583686831203,-0.011240239331455132,0.9126434062207341,-0.011544647225460048,0.9721947726461789,-0.011874008998059703,0.9996033942592266,-0.012263700715462934,0.9972382230863116,-0.012620871713761769,1.0365645139861968,-0.013002024830578999,1.0442457447135702,-0.013345662568185654,1.0440270927955106,-0.013638082348183705,1.0212831717927982,-0.013926141314128957,1.0184689236039797,-0.014210392359746306,0.9748190406658007,-0.014524303149224699,0.92449595836803,-0.014734675660967917,0.8350497887638686,-0.014833173924494444,0.7071485072122807,-0.014724673811821111,0.5402520256740501,-0.014337983744870702,0.4069595018590062
14.625,-0.010556562164381804,0.34701426250525935,-0.010241168450072766,0.4882080614449694,-0.010333208644027106,0.6033973037864285,-0.010663891792495692,0.7281163118056627,-0.010943569538606927,0.8153368996921658,-0.011295304109386377,0.8975148435163313,-0.01169990960618603,0.9408465508560435,-0.012009588876938577,1.0035761832407724,-0.01236367589898909,1.0397379985567934,-0.01275794255924272,1.0428796349063578,-0.013108477394587623,1.084461690175896,-0.013478117623586793,1.091887094063625,-0.013817655360667603,1.0916745190126933,-0.0141152466404831,1.0681573620441842,-0.014409303517485596,1.0658861458086542,-0.01472944328825045,1.0231937332277747,-0.015057949526919065,0.9644016188772404,-0.015274783519871417,0.8728996309394995,-0.015433682168363003,0.7277703204746729,-0.015303031442198784,0.5540698512559353,-0.01475738199622295,0.40870648682084026
14.875,-0.011167810706239435,0.3538980722566938,-0.010823922803879536,0.494632324711612,-0.010952413435165528,0.6188845728284718,-0.011281712970683434,0.7336795676114488,-0.01158201404837415,0.8351166202663437,-0.011929159277761883,0.9110679937008656,-0.012318846849721106,0.966486617595568,-0.012619094850437,1.0220418300778134,-0.012962257075092139,1.063396614423985,-0.013351659680840535,1.0709123797645637,-0.013679835654159322,1.1179702379161847,-0.014036800308180728,1.123084669438784,-0.01436782640489991,1.1294773161002467,-0.014674212048712743,1.1136657079052463,-0.01496278005759152,1.1032370655883021,-0.015301938770344211,1.0659435135581656,-0.015630644914880053,1.0029841661754022,-0.015884985376977204,0.9071016377595216,-0.016054429361544185,0.7538420954358876,-0.01594638457455073,0.5668815769224245,-0.015191006929752763,0.4062456240256387
15.125,-0.009800888437249713,0.33685843655524866,-0.009556165327779045,0.5114422864768489,-0.0097700475425004,0.6191908034147503,-0.01021903760962557,0.7527429402776039,-0.010664645097346562,0.8431080578973541,-0.01103131530445198,0.9090888266354464,-0.011468274544727625,0.9651443520641964,-0.011851523787445277,1.022757025419267,-0.012220996211885087,1.0383896893225015,-0.012628225793817862,1.0195509078068623,-0.013006149781058749,1.0407529242498879,-0.013334163039589782,1.0661773770817689,-0.013665291433283332,1.0418965721812732,-0.013941407799801518,1.0124861358713146,-0.01418567201937096,1.0177443011569458,-0.014478896783364538,0.9809798756473864,-0.014774301379152872,0.9453013604334887,-0.014935046133572591,0.8538929712614667,-0.015082065117067134,0.7043859205555512,-0.014937454678791344,0.5285057185213157,-0.014324868005869941,0.39156504210289383
15.375,-0.010079037733654487,0.3465676400946862,-0.00978144387893131,0.5238030081588466,-0.01000776188938279,0.6559329619352317,-0.010536910661918563,0.7944594264435096,-0.011012014875260424,0.899677905801629,-0.011486142631292032,0.9648095867739783,-0.011960681069227931,1.0241809837013567,-0.012404617729618955,1.0842791821940971,-0.012789597111433399,1.0974550532431437,-0.013206647980214987,1.0905480691079137,-0.013580478850903981,1.1275443011366182,-0.013932040381594152,1.1464241563250372,-0.014290934532055205,1.1343539241610714,-0.014594338313498484,1.1038006416986417,-0.014855941170427715,1.1067148061417995,-0.01513270315236452,1.0715751535574138,-0.015429063600673382,1.011702326084372,-0.015633385336287036,0.9135703257717189,-0.015826208856410527,0.7465921188510758,-0.015653963877015613,0.5501882213472419,-0.014967148657235666,0.4062025768066859
15.625,-0.01063586537232962,0.3448344752589888,-0.010290701151952807,0.5222686153542132,-0.010554276081651276,0.6637261594655253,-0.011081046182935955,0.8008373576983088,-0.011549311299987396,0.9153812602644325,-0.011991662036572861,1.0033418347500522,-0.01246010314616204,1.06486263300867,-0.012914428180424316,1.125774982890115,-0.013315130072827907,1.1562565566715546,-0.013736432038496102,1.1576531460783106,-0.014118620924664019,1.2065885396379141,-0.01447954090319448,1.2225747927907282,-0.014865212915470747,1.2183625491909125,-0.015179209818066147,1.1915193498459518,-0.015471104437862105,1.186385781609983,-0.01578930204313493,1.150083010725209,-0.01611391482167558,1.072179139813682,-0.016371784460585244,0.9697630659390247,-0.016619269479879975,0.7793215646917043,-0.01644748930327694,0.5627118960304683,-0.015556990712954046,0.40618529595712854
15.875,-0.01122038708707901,0.3554404473873739,-0.0108571997388662,0.527739586091504,-0.011117939598446282,0.6799458691586547,-0.011646822901237862,0.8069333250022237,-0.012121277646780124,0.9405145031664455,-0.012586903374209934,1.021096822462002,-0.013044998585789046,1.0987881458658197,-0.013481947368529843,1.155264777586569,-0.013877710743954655,1.1849118812612285,-0.014320118400899376,1.2001398615234709,-0.014697191013971626,1.2584425548186509,-0.015054337891261097,1.2733569072531583,-0.015440279563809969,1.281967824253022,-0.015779042581047925,1.2670223059822676,-0.016084911001256717,1.2501782213895152,-0.016449458787031544,1.2187146824967492,-0.01679589542751086,1.1315564242576,-0.0171170424692174,1.014961944009409,-0.01738123802857183,0.8182162485883298,-0.01726010960364815,0.5786202351712108,-0.01619977289042423,0.4043759494691353
16.125,-0.011881950575057467,0.36369506618297986,-0.011441401843474235,0.5376856178642935,-0.011717239964789192,0.6927386371566745,-0.012220267985438911,0.827865101197674,-0.012660252834969316,0.9493209040006455,-0.013117828496117876,1.0449914018204884,-0.013558760839129751,1.1237083948303972,-0.013966099892409612,1.1831870980801622,-0.014341689553006921,1.2103542074631104,-0.014755785280027767,1.2407757386764404,-0.015111822578637506,1.3049197076038563,-0.01544891595577985,1.3210019581635586,-0.01579605752873611,1.3396314285189503,-0.016142371157035495,1.346224523683089,-0.016453110614126527,1.3398964670113969,-0.01684928795236371,1.2983593801104512,-0.017210474816600346,1.2096178337497645,-0.01757940529646761,1.0804358688903497,-0.017879702184719324,0.8662511017674639,-0.01778681201283546,0.6047975795402618,-0.016195479682314412,0.42399994087862153
16.375,-0.01235922177190006,0.3711734751703993,-0.011864396853979001,0.5438751161873077,-0.012096422635101843,0.7057546117202588,-0.012534298320260111,0.8519724371910975,-0.012976721120694321,0.974148152378451,-0.013423776741787501,1.069584628738508,-0.0138558524231229,1.1560197999555113,-0.014257030953655431,1.2011458206550916,-0.014615989081872264,1.242221303962509,-0.01500773212187908,1.2858427459500115,-0.015352736546190984,1.3497255502225942,-0.015667252681869484,1.368804735399831,-0.01602949439639181,1.3967331915564203,-0.01639568080449658,1.4062826434710671,-0.01670979197692721,1.408087650729769,-0.017136833478082026,1.3839320750206732,-0.017529750074121657,1.281219790885358,-0.01793596314252519,1.1434563809618776,-0.018298103285111656,0.910092140580658,-0.018269874701149953,0.6345765995656948,-0.016584911778485634,0.4542683591178944
16.625,-0.013023636243721833,0.38185747543932025,-0.012422762246223894,0.5559859474714639,-0.01261150284532414,0.7333796421877522,-0.013001720122204392,0.8867218808847064,-0.013421349650204537,1.0139557148491016,-0.013821203903951277,1.114441334816139,-0.014223466344827419,1.1986963773343862,-0.014601774495115854,1.243148106239104,-0.014931473447204878,1.2942724164489665,-0.015296949192222431,1.349628790480128,-0.015624411168854468,1.4076290488715981,-0.015929430855451617,1.432036602661206,-0.016267827956881618,1.4665400214828577,-0.016639630650153066,1.4786898356442892,-0.016957282511688793,1.4828622437714256,-0.017386792098159777,1.4531118017320588,-0.0178131948898041,1.3469419108938052,-0.018250834306186098,1.204934269137848,-0.018647701627509065,0.9568403875534667,-0.018653929076832144,0.6772810665799638,-0.016891972652118323,0.47971299796511
16.875,-0.01374897466990393,0.38804141345118365,-0.013068820935753053,0.553091405362064,-0.013213035858529776,0.7323012577258746,-0.013547144368176238,0.8927715925001667,-0.013910324274222738,1.0158323877879225,-0.014238571207908496,1.11910854453877,-0.01459533024333171,1.2092758351744375,-0.014920584657794488,1.2624965661438299,-0.015220826417045938,1.3146649021728944,-0.015562044391312639,1.3777185260028046,-0.015867266297964203,1.4293313802587875,-0.016150849903338916,1.4646961084545218,-0.016478249886899842,1.5039702292458943,-0.016855237206656208,1.5258318476510853,-0.01719126726990961,1.5331513577340934,-0.01764075123267934,1.4933799776293784,-0.01807464973692384,1.3828043654740434,-0.01852593681434178,1.251551971620648,-0.018957077544279853,0.9954449164650268,-0.019018103746872978,0.7047286466515346,-0.016942094900401043,0.5011581986104604
17.125,-0.014529064280580952,0.3886473166102556,-0.01372755543665869,0.5494475437538174,-0.013801700523893297,0.7327656688843277,-0.014037002390319003,0.8828850487598467,-0.014328998837128131,1.0139271702341142,-0.014617162973778903,1.1255251537153108,-0.014916675667525763,1.2107370241449558,-0.01518176229326181,1.2676130702485076,-0.015448555140785532,1.3253571277293836,-0.015743123945630676,1.3971968947736753,-0.016019215584266867,1.4528629952091539,-0.01628142595891913,1.4920750757598582,-0.01658510963330876,1.5337710898578802,-0.016951004162307187,1.5492190361512639,-0.01725808968938529,1.561652661283494,-0.017707019541888903,1.5229217916422253,-0.018133057109945696,1.4121327769379086,-0.01860605877211732,1.2804968299519208,-0.019021812655256144,1.0173561516031262,-0.01906303954090465,0.7200240776684169,-0.016831698449037695,0.4773588946353919
17.375,-0.01520447337193518,0.38615203375739277,-0.01429588032492584,0.5428526526700136,-0.014253292479060278,0.7339038551644065,-0.014411672070525731,0.8745953055571111,-0.014644812894189393,1.0075230394209815,-0.014869998374750894,1.1247240665033797,-0.015116797972466912,1.2145720737657166,-0.015328579777223544,1.2696516504452504,-0.015556424563710845,1.3447049146887156,-0.015799541076603266,1.42476239339862,-0.016041693964757416,1.4859464488270702,-0.016305482051869262,1.5288481327494912,-0.016574075355919354,1.57640644047699,-0.01692485593300615,1.5816205950512194,-0.017239911529751992,1.603398894673014,-0.017680495402928816,1.5610212446987937,-0.018112009703056774,1.4503106869345472,-0.01856774206933056,1.310255739127973,-0.018971376815178163,1.0462976701218303,-0.01901201733974742,0.7320552454433338,-0.016652744994382355,0.4609652096159338
17.625,-0.015769836263318033,0.3854266122320671,-0.014713093147627027,0.5495945420338969,-0.014567767395814567,0.736283063726692,-0.014639143483109095,0.8769466066694881,-0.014792917943991324,1.0149246049859353,-0.014939827161116205,1.1427297497274673,-0.01512243172440001,1.2402603878549858,-0.015285648967248336,1.3026915961154417,-0.015468245667330911,1.3839625572351582,-0.01567634048192732,1.472391279190946,-0.015885821384316563,1.5344371111184274,-0.016120159282064308,1.5854391053270294,-0.016363413545441866,1.6246823478799586,-0.016686818281018825,1.6366823759039453,-0.01700667437029339,1.666053438140092,-0.017453854354878486,1.6262319432368189,-0.017904002424640426,1.5119983027832535,-0.018352458765017864,1.3582750707213131,-0.018740753089096132,1.0783251124294198,-0.018803741397618267,0.7461363171081646,-0.016263769299252637,0.44804078326601615
17.875,-0.016380540325696195,0.3876057229463546,-0.015178944590538238,0.5635463479591255,-0.014917176737578487,0.7516858353328639,-0.01489684421612768,0.9059712730310857,-0.014966600786529541,1.045986815981276,-0.015056560111415917,1.1792351770822262,-0.015178913321823443,1.2914918675726783,-0.0152957836841272,1.3620808130930502,-0.01541858812171422,1.4385766405017937,-0.015568254244823403,1.542651625362158,-0.01573622108606929,1.604954757281485,-0.01593826810755106,1.6680923073786902,-0.0161481605751247,1.7154022836816165,-0.016465029206973514,1.7364248469206445,-0.016773173489710608,1.751901870758128,-0.017207591319452074,1.7152005013882825,-0.017659222905003984,1.5850374925295396,-0.018101177270609232,1.4089103151661313,-0.018457466426084614,1.128678746932789,-0.018518113562178057,0.7647983840476382,-0.015825696200715392,0.43737827380665717
18.125,-0.016989292223510585,0.39198162663101654,-0.015646134701533122,0.5844716408397284,-0.015258585468945733,0.7767511009833619,-0.015129843073643939,0.9412232951957159,-0.015100632810521101,1.0789833719120652,-0.015112512398627405,1.2333418717572073,-0.015162821466203126,1.3488619977435041,-0.015221970033060014,1.435436116582628,-0.015290507447234402,1.5197391354555978,-0.015380795571789698,1.6238523006387144,-0.015504020658512477,1.6918896039056068,-0.015669283378230245,1.7691237225395022,-0.01586289413032335,1.814177103030043,-0.016154474135280827,1.8416783242413959,-0.01646281367850894,1.8616742759288996,-0.016856157727494714,1.8217218739141412,-0.017259378762019748,1.6805207499137813,-0.0176545944911725,1.4952935893531347,-0.01798591978606133,1.2013816270138198,-0.018000356644339473,0.8081909531711666,-0.015063797457399884,0.45224774635552584
18.375,-0.017815445308479998,0.3956227188207771,-0.01630581223534945,0.5976069171387203,-0.015795079404418193,0.8001155615324557,-0.015547154113928818,0.9617720346456416,-0.015413187726600542,1.1081678681248237,-0.01531787934204406,1.2767706251921276,-0.015286921661571274,1.404215655733211,-0.015277659757502384,1.5035310167329918,-0.015275577713466824,1.5915016383071452,-0.015290992191656264,1.7022065245027636,-0.015359989719934363,1.7902244202106805,-0.015485708131842031,1.8636287321279,-0.015646950507725722,1.915003300925693,-0.015892200967065263,1.9380320321671514,-0.016161305539237576,1.9485926502594553,-0.016500343038236363,1.909876343823376,-0.016856152418039463,1.7806938717159084,-0.017205196698058905,1.5842395772098943,-0.017512507409369875,1.270737318917859,-0.017481004130616106,0.8458441832308379,-0.014420037398135578,0.4536497494511571
18.625,-0.018718092913900326,0.3980731145941353,-0.017073044055389647,0.6171317951066134,-0.01643840665114346,0.8221649223552291,-0.016077463390846092,0.9887377234011255,-0.015834766078478675,1.1376087554971441,-0.015639160935112063,1.3210836826992793,-0.015523852579249344,1.4593704491051533,-0.015448130993124998,1.587327649078063,-0.015382068904792223,1.6726331527438383,-0.015336810411931277,1.7890772469943241,-0.015354343052936262,1.878485432771431,-0.015445956329830082,1.9560714111876392,-0.015549045283949549,2.013673038677295,-0.015745534690247608,2.0352224615911756,-0.015968644927006653,2.0271679732917063,-0.016255080078581067,1.9732139255415557,-0.016555112534732932,1.8525337725447297,-0.01685777913618167,1.6527182825122404,-0.01710063393556851,1.3445461727558352,-0.017003550286651507,0.8941629388348916,-0.013716988933256147,0.4524940783698605
18.875,-0.019417691412881348,0.4065596212263897,-0.01762471701895181,0.64763800067885,-0.01687148260220072,0.8578297637396066,-0.016395224517981845,1.0280003577364916,-0.01603817063793955,1.1882646582828165,-0.015745092991780348,1.377564862601592,-0.01554191203031645,1.53106456172088,-0.015383132777953501,1.6786988767682098,-0.015245173580734416,1.7698629965321484,-0.015115849992127343,1.888575698955527,-0.015056531576391478,1.9798258480730802,-0.015075686951836111,2.0720365117418784,-0.015128700745309169,2.138957249871324,-0.015261809029408265,2.1580960978897137,-0.015433725351068399,2.1427680815340424,-0.015651558857457473,2.098412122536496,-0.015887807212116925,1.9672170786524892,-0.01612503561376332,1.7655460946832675,-0.016278326281102432,1.4571497026352076,-0.016129693215176204,0.9592555134726819,-0.012546421959156565,0.45443334492286486
19.125,-0.020025987201142934,0.4052748349235446,-0.018101077278443973,0.6725786351441893,-0.01724175006874882,0.8922937034358632,-0.016656696695712358,1.0578124257775392,-0.01619355747856776,1.2275387393144535,-0.015808629988316808,1.423978778097527,-0.015500327463642468,1.584143343085738,-0.015250511939348958,1.7368006241504996,-0.015027987308839223,1.8430434563653504,-0.014812207733912893,1.970219579237966,-0.014671395154740212,2.0848035311969424,-0.01461116378812597,2.1844184233698534,-0.014599713165506309,2.2620947969998397,-0.014668671807584691,2.2850974754279396,-0.014767913231593275,2.2734645116174836,-0.014909347082796365,2.2279708309241495,-0.015077586264088845,2.080353728136427,-0.015243894917931803,1.8631169892367252,-0.015305351660901068,1.535853192137263,-0.015093033340542811,1.004568164793469,-0.011378270811849178,0.4501959068203211
19.375,-0.02040528354011013,0.40996344511026245,-0.018386509210547648,0.6967767578807137,-0.01745954467677147,0.9281392894766849,-0.016803251955395095,1.10571008305481,-0.016253680791676835,1.279219867763754,-0.01578168319530182,1.4735867108857608,-0.015391097133266255,1.6389817345661857,-0.015071353129271355,1.7949554197091535,-0.014764402713337201,1.9198039402392388,-0.014466568951817638,2.050415253387037,-0.014241173407177546,2.174358722488147,-0.014103842448928065,2.2757299020434285,-0.01401553096092609,2.3705517899288107,-0.014007823442945171,2.4115087808903675,-0.01405186395316078,2.3974330534099852,-0.01411412632527448,2.33899821247832,-0.014205150755238902,2.183025844022919,-0.014272394769406296,1.9601881544951667,-0.014263576289368007,1.6282680799361147,-0.014010622974862755,1.0682854144602667,-0.010100312991674017,0.4625515127445584
19.625,-0.020752213657832464,0.4199529507302133,-0.01865926542558785,0.7405569708018072,-0.017678238762245564,0.9852575945577267,-0.016957441652339533,1.1789652358563496,-0.01634349817463859,1.349218019990952,-0.015801244730447413,1.5506985276103094,-0.015334137574753616,1.725113373841821,-0.014923091105712842,1.8834547198529366,-0.01453135698877408,2.0034115966441863,-0.014150166270511525,2.1328879576787947,-0.013832374141973986,2.259853272452785,-0.01360715854923304,2.3611745697914532,-0.013422385344993366,2.4656382922828657,-0.013324863529982382,2.5214657336843413,-0.01329001769029884,2.502198213044077,-0.013279687274612982,2.4438338456670485,-0.013305853481719448,2.2925189037849267,-0.013314620018837226,2.049481326849467,-0.013242125260719271,1.7062860561860809,-0.012900372317516789,1.1230379358046212,-0.008764482723959926,0.4730687486808169
19.875,-0.020987818543657086,0.42907665320444216,-0.018870188328326265,0.7845043963795659,-0.017838477070574447,1.0471856075527952,-0.01705836701921148,1.2510812082849565,-0.01637770916778893,1.4230070175048262,-0.015750601470156594,1.6155289886044901,-0.015198159904807588,1.7856011383160564,-0.014698994669094183,1.9366635974692974,-0.014222148442264671,2.066799246370243,-0.013758684201727938,2.1910855005494647,-0.013346299250526692,2.3278412821767103,-0.013035026895978344,2.427118725367979,-0.01273521948804602,2.538998683220866,-0.012524066525602923,2.601158023799256,-0.012376563823878308,2.581699734572476,-0.012288427589652186,2.5283805097323397,-0.01220254807899605,2.387017412344631,-0.01213432163260326,2.1312499139788637,-0.011997754783229505,1.7836412024086115,-0.011577893009769333,1.1774091835339968,-0.007472526757556865,0.48521395158367164
20.125,-0.021196693558613693,0.4373567246348073,-0.019062980140371742,0.8189941556162297,-0.017998664176106925,1.1006870333023153,-0.017177646376342025,1.3046076364697319,-0.016444698007999553,1.4785261715239533,-0.015747597046940898,1.6560786909452636,-0.015117168046287658,1.8118082774875284,-0.014505949998426993,1.9610729762744328,-0.013940234240194957,2.084277977181647,-0.013395555811601123,2.2089007039116186,-0.012888476833522514,2.352515572896484,-0.01248184596737574,2.4567925914084614,-0.01207077327444673,2.5678197484065186,-0.011765919619039273,2.63402728818362,-0.011506754939570355,2.6235760481550754,-0.011307892863618062,2.5692352244956393,-0.011110060508045612,2.4334524536572575,-0.010945220633316089,2.1839366057342446,-0.01068032947466108,1.8225069979673902,-0.010178609489585004,1.2175069608342686,-0.0061783471085990055,0.5041994965522146
20.375,-0.021298359409807417,0.4268938396816407,-0.01914781554322942,0.8279103328866603,-0.018065931631180934,1.1257078931467361,-0.01720900123998706,1.3323415565371517,-0.016431962216655088,1.4982665814652996,-0.01567971034825594,1.664382935472438,-0.014987159990838947,1.811119556342093,-0.014301333198128277,1.9460511828177975,-0.013662654983615278,2.075160544885519,-0.013038114197275106,2.2073135220109648,-0.012452181650425146,2.357038533729291,-0.011957359175553708,2.466826628032118,-0.011433871955809784,2.5801628916562764,-0.011025998144436486,2.634937670967889,-0.01064478932008839,2.6243902766119476,-0.010347465155020797,2.5787346860675204,-0.010066219597242671,2.451978944162223,-0.009794092062930327,2.2037197086173315,-0.00945349084342579,1.8449384302315042,-0.008917575516199308,1.2435021242621067,-0.004921800864116493,0.4859796160349124
20.625,-0.021248552872682413,0.4243522515139972,-0.019125750726507178,0.8503854791403096,-0.018033245678659673,1.1547660345089783,-0.017156050992520877,1.3668711757161036,-0.016352531983519148,1.53603151274707,-0.01555365961973326,1.6687926511665598,-0.014812319479968725,1.80523043686691,-0.014053715668327076,1.9418567385817045,-0.013346518068130963,2.068660747855986,-0.012653501874071604,2.188933816103029,-0.011974586744922364,2.3309664641250443,-0.011370102016163394,2.4431266676296555,-0.010744253276888988,2.5664852665674585,-0.010216269827341657,2.6329323796928374,-0.009738146399504311,2.630787346164616,-0.009352912581294457,2.594284550233991,-0.008999632601241217,2.4722033104754417,-0.008652748102009708,2.2180386704226835,-0.00822870023625964,1.8717439678923586,-0.007647444200224757,1.2734507447959778,-0.003787278092969982,0.4712086369335738
20.875,-0.021132145652287597,0.42206307619815214,-0.018998745522030302,0.8732134117430242,-0.017910192417672666,1.199902005626297,-0.017028907479727608,1.4160697600324212,-0.01619419109849853,1.5837764356855133,-0.015362457760768762,1.6966405647824427,-0.014567888419017908,1.8245554636127836,-0.013741679174597355,1.9398314883177068,-0.012960057670441082,2.0678941043679715,-0.012179757854208547,2.175602647821768,-0.011415848730354406,2.33226019439388,-0.010711030926123709,2.4472440320065667,-0.009991415005213713,2.56596707205181,-0.00934992378886467,2.642797365424136,-0.008766592739260465,2.6542877057584446,-0.008268081048031777,2.6340985657641838,-0.007823315208214636,2.5271886057290676,-0.007399467314951472,2.274999858413887,-0.006900808913593932,1.9145547239584375,-0.006284763457016448,1.3008662481009594,-0.0026179704453954946,0.4691316210499707
21.125,-0.02117623492579913,0.41749550255413603,-0.0191134583333408,0.9025824125725026,-0.018040128435676532,1.2490697311122836,-0.01715896448755424,1.4751463337828108,-0.016325138046470258,1.6386470816035053,-0.015461900031976979,1.7386892401113099,-0.014628449503957282,1.8446475547445895,-0.013713475632391055,1.9465847016458884,-0.012880727451999375,2.0541680750505407,-0.012049830696584099,2.170793843605427,-0.011202650273166675,2.332338334064836,-0.010425091397733911,2.4390679391946644,-0.009574568187487403,2.5476858200850376,-0.008834344709700799,2.623316208064103,-0.008159424265457113,2.638711901007026,-0.007619364426813256,2.6300461000281,-0.007111036589392825,2.5355231947861885,-0.00664276361565572,2.244272114053046,-0.0061142570733965,1.8754373011657919,-0.005400656817657495,1.2866306120150386,-0.0019420857845483218,0.44480043838750694
21.375,-0.020978953704961195,0.4051821061322657,-0.018922314606906573,0.9038617650392604,-0.017852398959282822,1.2687899225746333,-0.016968251119771318,1.488342711753603,-0.016113203216193805,1.6509817938891844,-0.015216225678672788,1.7170695626406196,-0.014348771145308031,1.810961254671413,-0.013405689199110494,1.9050568262791445,-0.012517545360871409,2.0103963978602066,-0.01161557849393418,2.112908199479166,-0.010719172158826824,2.288681695059187,-0.009848091449526935,2.3998462314541475,-0.008928256455565683,2.4946538671940974,-0.008072601676306409,2.579005481882957,-0.007265131882381533,2.5927143075421117,-0.006590936446598367,2.6026430072579294,-0.005970381960693469,2.5345474912495725,-0.00540655449802111,2.2796429301352132,-0.004783856951093206,1.9067966696128424,-0.004089782170367077,1.3064580884702883,-0.0009050866562462329,0.43889267388628905
21.625,-0.021033756529071707,0.3955587746545497,-0.019024348166377714,0.8801195197925459,-0.017983223344559943,1.2456273813696714,-0.017131487446191657,1.4528795165597217,-0.01628217557560587,1.5856722291778835,-0.015381756014464133,1.623648157047575,-0.014513350310752463,1.702940403460716,-0.013539813792187083,1.7788849653321572,-0.012600983216125553,1.8587845740784843,-0.011644814381234856,1.9604192401048623,-0.010673905400217731,2.1125149043333393,-0.009694410125627068,2.2134215008736797,-0.008723824258604611,2.33363486337742,-0.00782923993292277,2.417429900247157,-0.00694528518578065,2.44785750815053,-0.006175930605990318,2.4684598775237823,-0.005518916708547565,2.410033548593263,-0.004878501653293849,2.2054892175593532,-0.004179257226747276,1.8578573550635078,-0.003502749674997862,1.287681186969155,-0.0005750390393572746,0.43801807480920113
21.875,-0.02071380536868461,0.40831882497987926,-0.018735946894501088,0.9011661962392301,-0.017747518736602033,1.262215305851233,-0.01694514381295122,1.4869891049769388,-0.01611637755829821,1.594416289356944,-0.015246912113147573,1.6307217139504753,-0.01438786169508007,1.6976688822605397,-0.013444640815256929,1.7495105761933512,-0.012492253728576591,1.8107322216832855,-0.011503371917644698,1.8850120502795646,-0.01048793311873413,2.0141433123161523,-0.009434974006975103,2.0748809071723326,-0.00840040835711104,2.1854288235975554,-0.007386803215421932,2.2800847739814545,-0.00644066063946635,2.3348423841225685,-0.005617915610805259,2.367595115065599,-0.004907623220196384,2.3639416118472996,-0.004207526030204939,2.1849482331928805,-0.0035529162433523684,1.8751006481276866,-0.0029296305416241573,1.3024789789164857,1.5065232961309476e-05,0.42381920284715885
22.125,-0.02085318803301312,0.4317027345299652,-0.018894581364621233,0.9596269325397014,-0.01792982217701,1.3419125527575835,-0.017171454052562585,1.5835545625505874,-0.016387856829810275,1.7037958466746363,-0.015553047027598233,1.7132578044693219,-0.014712087945110953,1.749767343966071,-0.013781485467216078,1.796260629912868,-0.012790374348817857,1.8127682502310978,-0.01178802799600415,1.846740933465994,-0.010724867560410332,1.9425046027431057,-0.009591668850623106,1.979457150570912,-0.008510865246446625,2.0986506252319477,-0.007410665675729374,2.2119269244825515,-0.006422928947744634,2.268014264745089,-0.005554233905461581,2.3124400228966073,-0.004794634653566977,2.324815923951897,-0.004084538139709214,2.1756701019376377,-0.00340470765570073,1.8863842778326363,-0.0027319628602489377,1.2986743527828142,0.000249729240335185,0.4463805546989546
22.375,-0.02102438458698919,0.42971116259692543,-0.01907033197721809,0.9661076202870582,-0.01813512967024297,1.3756770195545647,-0.017428343594599858,1.6271398801181238,-0.016689771467878273,1.7352413008912329,-0.015912801923262287,1.7709415391491035,-0.015101165230656166,1.787434853276921,-0.014180570742254466,1.7919410459124419,-0.013185167053707529,1.803675753066104,-0.01216321756680656,1.8166694228009008,-0.01106739608486387,1.8823020875098122,-0.009912869937169638,1.9132319964721245,-0.008805718247896999,2.0103738312629287,-0.00768548222915162,2.1208771547564353,-0.006652193518277156,2.160324374179972,-0.005705910686363427,2.2081600042164706,-0.004892573647616418,2.2010995842048215,-0.00411037170638429,2.0837900718864195,-0.0033556956540070153,1.8221468675785473,-0.0026276183985333526,1.2538649597767813,0.00023517207833886948,0.4602217953286225
22.625,-0.020976874773772695,0.44143536858558574,-0.019098779966567697,0.9793113243610516,-0.01820295338032071,1.3824041734652057,-0.017533401842758856,1.623483582557842,-0.016851826299986324,1.74643079772763,-0.016139144339997316,1.7760265749255237,-0.015380530484184874,1.7852283298646612,-0.014503920759929484,1.7552930404961247,-0.013539588122532064,1.744609423696075,-0.012549881237919197,1.737017789810557,-0.011431541820652197,1.7600246299197297,-0.010253267642642208,1.7546980327618265,-0.009123108404641044,1.880057050327432,-0.007977342709331495,1.979516393071643,-0.006913019395562581,2.0229433737357554,-0.005962022870068073,2.073611736405643,-0.005123588702048764,2.0461279363078964,-0.004300200140067727,1.9261559235124717,-0.003484705973731794,1.7031952831886192,-0.0025996732031204695,1.198095314686383,0.00045498872487152476,0.45464245766205413
22.875,-0.020836462028550128,0.44118128791769773,-0.018993079941436813,1.0062027887520197,-0.018141381117555075,1.4123726406485597,-0.017496745044940247,1.6699157318434383,-0.01686600479378406,1.8131101838268602,-0.01622904400163314,1.8722135262132398,-0.015535584339503316,1.8803581907582902,-0.014723174985800067,1.8427790552581513,-0.013830443844390175,1.7971950579482308,-0.01286801861979014,1.7509209072976588,-0.0117838220646598,1.7483228993767719,-0.010640668965160426,1.7299382678242452,-0.00949339101951282,1.8260649423805144,-0.008297825553960041,1.9162336445096027,-0.007172810758785137,1.9439938093954177,-0.006166007417068633,1.9794958172255128,-0.005236355207502662,1.9530994532031958,-0.0043096488035780115,1.8222107202945645,-0.0034183117567995577,1.6383812077337454,-0.0024145370270364066,1.1700704071110926,0.0008642984872391266,0.4470561446431204
23.125,-0.020938203111376664,0.4204108612920461,-0.019156234233982484,0.9979305625537918,-0.018332914156558727,1.4223946601712818,-0.017712703359261527,1.6698297034460772,-0.017124984251409552,1.8317391061021517,-0.01653537529374872,1.9081525195127296,-0.015909410667973023,1.9133020317211855,-0.015171917066644164,1.8772943284120673,-0.014358996620208911,1.8235528900885414,-0.013471037675206491,1.7526739918170924,-0.012433507785225997,1.7227435805085607,-0.01134136649625885,1.7044585155399865,-0.010239714928800395,1.7971769613921746,-0.009031327917697927,1.8478332687251495,-0.007867267616423292,1.8630470693776577,-0.0067966521809428426,1.862007796001932,-0.005809377649387682,1.8141069230427949,-0.004831055724514614,1.6994455074462138,-0.0038514345922239035,1.5229221315993997,-0.0026647077939271112,1.0994931284167797,0.000750156503665051,0.4339255808613228
23.375,-0.02067886942304339,0.4153862098190643,-0.018931516933534082,0.9998852892097371,-0.018144046127664192,1.4179770311612192,-0.017547222986557653,1.6597395344844321,-0.016973980979981335,1.8234820820178057,-0.01641741367200761,1.925390558507134,-0.015830467505547525,1.9433548692140414,-0.015149404908430966,1.9075952158183354,-0.014423980186857588,1.8436344403351521,-0.013568242148797054,1.7682312492257535,-0.012573402005310192,1.6838244807025997,-0.011523983463181479,1.6408964822411074,-0.010435523638566589,1.6958977367093333,-0.009245528582842598,1.7293815474165437,-0.008032724181432608,1.74126407978551,-0.006885161930844418,1.6969063396585258,-0.005796219971578207,1.635207342730958,-0.004677491067809115,1.528832107232247,-0.0035055864141297056,1.3842062920745961,-0.00216250046207713,1.0428334132359307,0.0010979263393686906,0.4253566647740959
23.625,-0.020326046774672788,0.4135273931186521,-0.01853520436466715,1.0082046593120446,-0.017777792066384288,1.4356341365985985,-0.01719423739930867,1.690313422988125,-0.016630285369115,1.8460287627317669,-0.016099585744790274,1.9586350691309746,-0.015539631910165054,1.9934787111262144,-0.01491689193771761,1.9466758597309024,-0.014235798025755371,1.865253008846468,-0.013435113177880395,1.7818175089390025,-0.012515380593071005,1.6815897336906118,-0.011518508279562547,1.6315170794697709,-0.010457217920090378,1.6600798978101992,-0.009268893634914814,1.6732617183377987,-0.008029735909854837,1.6727786767523076,-0.006852755272562445,1.607036294667362,-0.005703184715513438,1.5534175244978492,-0.004479541624628504,1.4621497809173525,-0.0032134952784845087,1.3328848812803955,-0.0017949441694828305,1.03758956579426,0.0014554694979292272,0.43465103602668775
23.875,-0.02028916661924373,0.39116272780042044,-0.0184485490387646,0.997763920198172,-0.017697362822915987,1.4476036887316344,-0.01712805978864691,1.7272961625765286,-0.0165815198831889,1.8777373548689116,-0.016068124183876657,2.0033581679507235,-0.01553441162964021,2.0324081493528303,-0.014955197120455337,1.9887431634680512,-0.014322111945291814,1.9003759772880944,-0.013552545532168711,1.8056763748752995,-0.012689223410731552,1.6694608478122008,-0.011725963820204022,1.6375602311207569,-0.010678948008151388,1.6138612607525196,-0.009501101309161361,1.619464678482139,-0.008263537994722646,1.5920208636447135,-0.007051821075264512,1.5090915707861954,-0.005813769822019088,1.4397777225110462,-0.0044801301893449275,1.3708668452340733,-0.0031300806485223998,1.2656505336404844,-0.0017316758062324077,1.0060304659242632,0.0017115083469207719,0.4280010262136104
